Mean,Count,Service Time
9.95,1,0.27443695068359375
9.95,2,0.12126398086547852
9.95,3,0.08908295631408691
9.95,4,0.23267602920532227
9.95,5,0.11977910995483398
9.95,6,0.2510550022125244
9.95,7,0.008240938186645508
9.95,8,0.0445709228515625
9.95,9,0.2025909423828125
9.95,10,0.01735210418701172
9.95,11,0.004095792770385742
9.95,12,0.09935998916625977
9.95,13,0.018821001052856445
9.95,14,0.07610011100769043
9.95,15,0.18964290618896484
9.95,16,0.02479100227355957
9.95,17,0.022839069366455078
9.95,18,0.09855794906616211
9.95,19,0.026948928833007812
9.95,20,0.009204864501953125
9.95,21,0.09873700141906738
9.95,22,0.026849985122680664
9.95,23,0.013535022735595703
9.95,24,0.0065250396728515625
9.95,25,0.06154990196228027
9.95,26,0.08993411064147949
9.95,27,0.002347230911254883
9.95,28,0.06000089645385742
9.95,29,0.04861021041870117
9.95,30,0.09312796592712402
9.95,31,0.07963013648986816
9.95,32,0.007840156555175781
9.95,33,0.022465944290161133
9.95,34,0.0482020378112793
9.95,35,0.005597114562988281
9.95,36,0.17099690437316895
9.95,37,0.032492876052856445
9.95,38,0.12267780303955078
9.95,39,0.28389406204223633
9.95,40,0.03639101982116699
9.95,41,0.03459811210632324
9.95,42,0.04036712646484375
9.95,43,0.06341004371643066
9.95,44,0.02682209014892578
9.95,45,0.017091035842895508
9.95,46,0.022117137908935547
9.95,47,0.14357495307922363
9.95,48,0.03626298904418945
9.95,49,0.048478126525878906
9.95,50,0.0030260086059570312
9.95,51,0.20095300674438477
9.95,52,0.26433801651000977
9.95,53,0.19772005081176758
9.95,54,0.10716700553894043
9.95,55,0.14204978942871094
9.95,56,0.08945202827453613
9.95,57,0.032618045806884766
9.95,58,0.15345311164855957
9.95,59,0.05677509307861328
9.95,60,0.20598602294921875
9.95,61,0.10378694534301758
9.95,62,0.1472640037536621
9.95,63,0.0019659996032714844
9.95,64,0.015856027603149414
9.95,65,0.006326198577880859
9.95,66,0.02935194969177246
9.95,67,0.009397029876708984
9.95,68,0.04349112510681152
9.95,69,0.00740814208984375
9.95,70,0.08319807052612305
9.95,71,0.13053107261657715
9.95,72,0.11800885200500488
9.95,73,0.08179211616516113
9.95,74,0.04338383674621582
9.95,75,0.01450204849243164
9.95,76,0.1165771484375
9.95,77,0.04378795623779297
9.95,78,0.07546687126159668
9.95,79,0.10851097106933594
9.95,80,0.02057504653930664
9.95,81,0.04337620735168457
9.95,82,0.07419610023498535
9.95,83,0.0038900375366210938
9.95,84,0.058917999267578125
9.95,85,0.036913156509399414
9.95,86,0.050995826721191406
9.95,87,0.07522082328796387
9.95,88,0.013836145401000977
9.95,89,0.03128695487976074
9.95,90,0.05934309959411621
9.95,91,0.09505319595336914
9.95,92,0.018226146697998047
9.95,93,0.01387786865234375
9.95,94,0.04514718055725098
9.95,95,0.07444405555725098
9.95,96,0.21443486213684082
9.95,97,0.34542202949523926
9.95,98,0.07846403121948242
9.95,99,0.10098791122436523
9.95,100,0.09041881561279297
9.95,101,0.12036013603210449
9.95,102,0.11207818984985352
9.95,103,0.12830114364624023
9.95,104,0.20145392417907715
9.95,105,0.020624160766601562
9.95,106,0.037407875061035156
9.95,107,0.05778908729553223
9.95,108,0.17797303199768066
9.95,109,0.1821730136871338
9.95,110,0.013514995574951172
9.95,111,0.14627289772033691
9.95,112,0.054908037185668945
9.95,113,0.12083911895751953
9.95,114,0.03911995887756348
9.95,115,0.031929969787597656
9.95,116,0.044467926025390625
9.95,117,0.021060943603515625
9.95,118,0.03933382034301758
9.95,119,0.035131216049194336
9.95,120,0.008166074752807617
9.95,121,0.14135193824768066
9.95,122,0.10053014755249023
9.95,123,0.03746509552001953
9.95,124,0.05499696731567383
9.95,125,0.036514997482299805
9.95,126,0.04074883460998535
9.95,127,0.03942418098449707
9.95,128,0.0740351676940918
9.95,129,0.031426191329956055
9.95,130,0.023852109909057617
9.95,131,0.07170915603637695
9.95,132,0.06737804412841797
9.95,133,0.07922792434692383
9.95,134,0.1128849983215332
9.95,135,0.07247591018676758
9.95,136,0.14645886421203613
9.95,137,0.05698585510253906
9.95,138,0.018021106719970703
9.95,139,0.015427112579345703
9.95,140,0.025107145309448242
9.95,141,0.06175684928894043
9.95,142,0.13765311241149902
9.95,143,0.1390671730041504
9.95,144,0.10920190811157227
9.95,145,0.11296582221984863
9.95,146,0.08967709541320801
9.95,147,0.09587407112121582
9.95,148,0.11267685890197754
9.95,149,0.21343398094177246
9.95,150,0.08786201477050781
9.95,151,0.15947508811950684
9.95,152,0.08231902122497559
9.95,153,0.27945709228515625
9.95,154,0.041645050048828125
9.95,155,0.12719202041625977
9.95,156,0.004621982574462891
9.95,157,0.03212618827819824
9.95,158,0.009983062744140625
9.95,159,0.14974498748779297
9.95,160,0.11362814903259277
9.95,161,0.07105183601379395
9.95,162,0.07057905197143555
9.95,163,0.060404062271118164
9.95,164,0.0634920597076416
9.95,165,0.17233705520629883
9.95,166,0.04646611213684082
9.95,167,0.023120880126953125
9.95,168,0.12827801704406738
9.95,169,0.05685710906982422
9.95,170,0.026902198791503906
9.95,171,0.057906150817871094
9.95,172,0.0391390323638916
9.95,173,0.08164095878601074
9.95,174,0.1021268367767334
9.95,175,0.04043698310852051
9.95,176,0.2293379306793213
9.95,177,0.06775593757629395
9.95,178,0.19327211380004883
9.95,179,0.05257105827331543
9.95,180,0.01916193962097168
9.95,181,0.053369998931884766
9.95,182,0.05189681053161621
9.95,183,0.0019049644470214844
9.95,184,0.10512781143188477
9.95,185,0.08977890014648438
9.95,186,0.1505749225616455
9.95,187,0.10738706588745117
9.95,188,0.02701401710510254
9.95,189,0.019042015075683594
9.95,190,0.036479949951171875
9.95,191,0.2769179344177246
9.95,192,0.05366683006286621
9.95,193,0.028811931610107422
9.95,194,0.01800704002380371
9.95,195,0.05605483055114746
9.95,196,0.01666402816772461
9.95,197,0.14715194702148438
9.95,198,0.04939103126525879
9.95,199,0.0023970603942871094
9.95,200,0.02391505241394043
9.95,201,0.0665888786315918
9.95,202,0.007426023483276367
9.95,203,0.018728971481323242
9.95,204,0.11262893676757812
9.95,205,0.07834696769714355
9.95,206,0.11910295486450195
9.95,207,0.1043250560760498
9.95,208,0.0068759918212890625
9.95,209,0.00976705551147461
9.95,210,0.009095907211303711
9.95,211,0.029584169387817383
9.95,212,0.007281064987182617
9.95,213,0.04885697364807129
9.95,214,0.0076329708099365234
9.95,215,0.02610921859741211
9.95,216,0.018931865692138672
9.95,217,0.07409000396728516
9.95,218,0.0042760372161865234
9.95,219,0.23196101188659668
9.95,220,0.013108015060424805
9.95,221,0.21626996994018555
9.95,222,0.011524200439453125
9.95,223,0.03888201713562012
9.95,224,0.028523921966552734
9.95,225,0.04570794105529785
9.95,226,0.053955078125
9.95,227,0.1077260971069336
9.95,228,0.11409902572631836
9.95,229,0.03521299362182617
9.95,230,0.03981614112854004
9.95,231,0.027100086212158203
9.95,232,0.013693094253540039
9.95,233,0.13231182098388672
9.95,234,0.0026650428771972656
9.95,235,0.09859418869018555
9.95,236,0.06888103485107422
9.95,237,0.032933950424194336
9.95,238,0.21208906173706055
9.95,239,0.0017800331115722656
9.95,240,0.03408980369567871
9.95,241,0.23757696151733398
9.95,242,0.0030701160430908203
9.95,243,0.07207894325256348
9.95,244,0.11988997459411621
9.95,245,0.0016369819641113281
9.95,246,0.17602920532226562
9.95,247,0.007031917572021484
9.95,248,0.1001431941986084
9.95,249,0.05638909339904785
9.95,250,0.1480560302734375
9.95,251,0.032549142837524414
9.95,252,0.18356990814208984
9.95,253,0.1824631690979004
9.95,254,0.11069822311401367
9.95,255,0.03955507278442383
9.95,256,0.17702603340148926
9.95,257,0.11103081703186035
9.95,258,0.0336298942565918
9.95,259,0.07917404174804688
9.95,260,0.02152705192565918
9.95,261,0.04312300682067871
9.95,262,0.08749103546142578
9.95,263,0.11928296089172363
9.95,264,0.080841064453125
9.95,265,0.10872697830200195
9.95,266,0.03297114372253418
9.95,267,0.03901505470275879
9.95,268,0.3177809715270996
9.95,269,0.23151803016662598
9.95,270,0.23459196090698242
9.95,271,0.06308102607727051
9.95,272,0.05932497978210449
9.95,273,0.008111000061035156
9.95,274,0.12255406379699707
9.95,275,0.06471610069274902
9.95,276,0.008095979690551758
9.95,277,0.09824395179748535
9.95,278,0.03391408920288086
9.95,279,0.0766761302947998
9.95,280,0.07464909553527832
9.95,281,0.08907890319824219
9.95,282,0.03880596160888672
9.95,283,0.1178429126739502
9.95,284,0.10638594627380371
9.95,285,0.02456498146057129
9.95,286,0.021092891693115234
9.95,287,0.001497030258178711
9.95,288,0.08666300773620605
9.95,289,0.0022211074829101562
9.95,290,0.11885190010070801
9.95,291,0.06329083442687988
9.95,292,0.04810905456542969
9.95,293,0.00987696647644043
9.95,294,0.030996084213256836
9.95,295,0.04499220848083496
9.95,296,0.15183496475219727
9.95,297,0.05196690559387207
9.95,298,0.06957888603210449
9.95,299,0.17328715324401855
9.95,300,0.035713911056518555
9.95,301,0.05380606651306152
9.95,302,0.20377898216247559
9.95,303,0.021971940994262695
9.95,304,0.030459165573120117
9.95,305,0.01750802993774414
9.95,306,0.09538602828979492
9.95,307,0.16788220405578613
9.95,308,0.25804710388183594
9.95,309,0.1098470687866211
9.95,310,0.17661595344543457
9.95,311,0.11761593818664551
9.95,312,0.033889055252075195
9.95,313,0.10477185249328613
9.95,314,0.005872011184692383
9.95,315,0.031088829040527344
9.95,316,0.06850409507751465
9.95,317,0.04900813102722168
9.95,318,0.052352190017700195
9.95,319,0.14103198051452637
9.95,320,0.05048108100891113
9.95,321,0.11234807968139648
9.95,322,0.11381697654724121
9.95,323,0.08089995384216309
9.95,324,0.03528404235839844
9.95,325,0.04102611541748047
9.95,326,0.08776402473449707
9.95,327,0.11686205863952637
9.95,328,0.06309795379638672
9.95,329,0.08459806442260742
9.95,330,0.0620570182800293
9.95,331,0.022233009338378906
9.95,332,0.1963798999786377
9.95,333,0.006989002227783203
9.95,334,0.03790998458862305
9.95,335,0.045861005783081055
9.95,336,0.01252293586730957
9.95,337,0.1316361427307129
9.95,338,0.08358097076416016
9.95,339,0.07265686988830566
9.95,340,0.07888603210449219
9.95,341,0.13062286376953125
9.95,342,0.0019428730010986328
9.95,343,0.12317395210266113
9.95,344,0.09688806533813477
9.95,345,0.012076854705810547
9.95,346,0.06705594062805176
9.95,347,0.17203593254089355
9.95,348,0.11425280570983887
9.95,349,0.022320985794067383
9.95,350,0.029172897338867188
9.95,351,0.16422104835510254
9.95,352,0.03222990036010742
9.95,353,0.25015711784362793
9.95,354,0.10084795951843262
9.95,355,0.33179688453674316
9.95,356,0.21813607215881348
9.95,357,0.02260303497314453
9.95,358,0.12665390968322754
9.95,359,0.16993117332458496
9.95,360,0.15644097328186035
9.95,361,0.14877605438232422
9.95,362,0.12099003791809082
9.95,363,0.021033048629760742
9.95,364,0.0462191104888916
9.95,365,0.1034231185913086
9.95,366,0.059472084045410156
9.95,367,0.03154397010803223
9.95,368,0.0031800270080566406
9.95,369,0.1567549705505371
9.95,370,0.183945894241333
9.95,371,0.1264951229095459
9.95,372,0.10489296913146973
9.95,373,0.008063077926635742
9.95,374,0.02637481689453125
9.95,375,0.030135154724121094
9.95,376,0.007070064544677734
9.95,377,0.00993490219116211
9.95,378,0.11402320861816406
9.95,379,0.008610010147094727
9.95,380,0.022410869598388672
9.95,381,0.050617218017578125
9.95,382,0.06476116180419922
9.95,383,0.0048291683197021484
9.95,384,0.04059600830078125
9.95,385,0.0018210411071777344
9.95,386,0.06836795806884766
9.95,387,0.06273484230041504
9.95,388,0.10424208641052246
9.95,389,0.13402605056762695
9.95,390,0.02802896499633789
9.95,391,0.33680200576782227
9.95,392,0.006517887115478516
9.95,393,0.054811954498291016
9.95,394,0.09175300598144531
9.95,395,0.06752514839172363
9.95,396,0.06568288803100586
9.95,397,0.07039499282836914
9.95,398,0.02381300926208496
9.95,399,0.13118910789489746
9.95,400,0.05325913429260254
9.95,401,0.0015430450439453125
9.95,402,0.007956981658935547
9.95,403,0.059256792068481445
9.95,404,0.018221139907836914
9.95,405,0.05940699577331543
9.95,406,0.024819135665893555
9.95,407,0.2670278549194336
9.95,408,0.06352806091308594
9.95,409,0.05939888954162598
9.95,410,0.21489882469177246
9.95,411,0.07646298408508301
9.95,412,0.0525670051574707
9.95,413,0.12914514541625977
9.95,414,0.10994982719421387
9.95,415,0.2862851619720459
9.95,416,0.10214090347290039
9.95,417,0.04584908485412598
9.95,418,0.20172691345214844
9.95,419,0.05152297019958496
9.95,420,0.17102909088134766
9.95,421,0.07280898094177246
9.95,422,0.07359814643859863
9.95,423,0.1525120735168457
9.95,424,0.09069490432739258
9.95,425,0.10173821449279785
9.95,426,0.04272603988647461
9.95,427,0.028730154037475586
9.95,428,0.07819604873657227
9.95,429,0.08590221405029297
9.95,430,0.003192901611328125
9.95,431,0.010753870010375977
9.95,432,0.04040789604187012
9.95,433,0.01805710792541504
9.95,434,0.04113292694091797
9.95,435,0.06695890426635742
9.95,436,0.07964897155761719
9.95,437,0.08926606178283691
9.95,438,0.026745080947875977
9.95,439,0.14212894439697266
9.95,440,0.0016779899597167969
9.95,441,0.07463407516479492
9.95,442,0.043766021728515625
9.95,443,0.07700395584106445
9.95,444,0.013223886489868164
9.95,445,0.01834392547607422
9.95,446,0.054984092712402344
9.95,447,0.037818193435668945
9.95,448,0.021424055099487305
9.95,449,0.001600027084350586
9.95,450,0.0700080394744873
9.95,451,0.062376976013183594
9.95,452,0.05759286880493164
9.95,453,0.04726815223693848
9.95,454,0.03750205039978027
9.95,455,0.020123004913330078
9.95,456,0.05310797691345215
9.95,457,0.12374401092529297
9.95,458,0.0038590431213378906
9.95,459,0.18816494941711426
9.95,460,0.0689539909362793
9.95,461,0.10480499267578125
9.95,462,0.040270090103149414
9.95,463,0.10243415832519531
9.95,464,0.09442400932312012
9.95,465,0.023843050003051758
9.95,466,0.04326200485229492
9.95,467,0.06843304634094238
9.95,468,0.10715603828430176
9.95,469,0.07224297523498535
9.95,470,0.05365610122680664
9.95,471,0.0019311904907226562
9.95,472,0.007877111434936523
9.95,473,0.0017371177673339844
9.95,474,0.029071807861328125
9.95,475,0.022186994552612305
9.95,476,0.02251410484313965
9.95,477,0.006432056427001953
9.95,478,0.018132925033569336
9.95,479,0.08835697174072266
9.95,480,0.05829191207885742
9.95,481,0.021874189376831055
9.95,482,0.02518916130065918
9.95,483,0.009464025497436523
9.95,484,0.11959099769592285
9.95,485,0.1039741039276123
9.95,486,0.08965706825256348
9.95,487,0.14545106887817383
9.95,488,0.14701318740844727
9.95,489,0.044463157653808594
9.95,490,0.02154088020324707
9.95,491,0.0868520736694336
9.95,492,0.06350302696228027
9.95,493,0.05621600151062012
9.95,494,0.015153169631958008
9.95,495,0.028752803802490234
9.95,496,0.001374959945678711
9.95,497,0.04763913154602051
9.95,498,0.049163818359375
9.95,499,0.06073284149169922
9.95,500,0.08358478546142578
9.95,501,0.11880898475646973
9.95,502,0.03854990005493164
9.95,503,0.07747101783752441
9.95,504,0.05899190902709961
9.95,505,0.07318282127380371
9.95,506,0.11943912506103516
9.95,507,0.07608890533447266
9.95,508,0.060478925704956055
9.95,509,0.14583516120910645
9.95,510,0.02283787727355957
9.95,511,0.004260063171386719
9.95,512,0.17528510093688965
9.95,513,0.10080218315124512
9.95,514,0.1280350685119629
9.95,515,0.001608133316040039
9.95,516,0.03136897087097168
9.95,517,0.049868106842041016
9.95,518,0.2458341121673584
9.95,519,0.007856130599975586
9.95,520,0.011256933212280273
9.95,521,0.16307997703552246
9.95,522,0.08723616600036621
9.95,523,0.07857513427734375
9.95,524,0.10152912139892578
9.95,525,0.1601247787475586
9.95,526,0.11007404327392578
9.95,527,0.14158892631530762
9.95,528,0.06683802604675293
9.95,529,0.19051909446716309
9.95,530,0.07166504859924316
9.95,531,0.07508015632629395
9.95,532,0.06709909439086914
9.95,533,0.06883811950683594
9.95,534,0.0769801139831543
9.95,535,0.06703305244445801
9.95,536,0.2126448154449463
9.95,537,0.0033278465270996094
9.95,538,0.037843942642211914
9.95,539,0.08044099807739258
9.95,540,0.10825991630554199
9.95,541,0.17786598205566406
9.95,542,0.1898660659790039
9.95,543,0.022340059280395508
9.95,544,0.056268930435180664
9.95,545,0.1705770492553711
9.95,546,0.04836606979370117
9.95,547,0.004302978515625
9.95,548,0.23116302490234375
9.95,549,0.14017701148986816
9.95,550,0.15284299850463867
9.95,551,0.040676116943359375
9.95,552,0.09833288192749023
9.95,553,0.004165172576904297
9.95,554,0.12839007377624512
9.95,555,0.03773093223571777
9.95,556,0.024090051651000977
9.95,557,0.05283403396606445
9.95,558,0.08668017387390137
9.95,559,0.04433584213256836
9.95,560,0.006170034408569336
9.95,561,0.251251220703125
9.95,562,0.24373912811279297
9.95,563,0.01749587059020996
9.95,564,0.08362197875976562
9.95,565,0.18932294845581055
9.95,566,0.1772921085357666
9.95,567,0.12227416038513184
9.95,568,0.032855987548828125
9.95,569,0.13799095153808594
9.95,570,0.07183504104614258
9.95,571,0.015849828720092773
9.95,572,0.13419389724731445
9.95,573,0.09662294387817383
9.95,574,0.12170195579528809
9.95,575,0.02980518341064453
9.95,576,0.12116098403930664
9.95,577,0.04222893714904785
9.95,578,0.08962702751159668
9.95,579,0.20027804374694824
9.95,580,0.017745018005371094
9.95,581,0.10556292533874512
9.95,582,0.42815208435058594
9.95,583,0.12668418884277344
9.95,584,0.0578160285949707
9.95,585,0.13044095039367676
9.95,586,0.07273197174072266
9.95,587,0.09692692756652832
9.95,588,0.1770951747894287
9.95,589,0.31446409225463867
9.95,590,0.09516096115112305
9.95,591,0.08317089080810547
9.95,592,0.15017390251159668
9.95,593,0.16406893730163574
9.95,594,0.003629922866821289
9.95,595,0.009078025817871094
9.95,596,0.082611083984375
9.95,597,0.1586160659790039
9.95,598,0.09415221214294434
9.95,599,0.03050398826599121
9.95,600,0.06489300727844238
9.95,601,0.16421103477478027
9.95,602,0.10766291618347168
9.95,603,0.25639891624450684
9.95,604,0.19137120246887207
9.95,605,0.07836508750915527
9.95,606,0.07502007484436035
9.95,607,0.14478397369384766
9.95,608,0.051618099212646484
9.95,609,0.08010005950927734
9.95,610,0.24028491973876953
9.95,611,0.05724596977233887
9.95,612,0.04897880554199219
9.95,613,0.13400816917419434
9.95,614,0.03741884231567383
9.95,615,0.042851924896240234
9.95,616,0.03266620635986328
9.95,617,0.44534897804260254
9.95,618,0.08961200714111328
9.95,619,0.04106783866882324
9.95,620,0.06599783897399902
9.95,621,0.07732701301574707
9.95,622,0.08273196220397949
9.95,623,0.03667616844177246
9.95,624,0.038604021072387695
9.95,625,0.0397489070892334
9.95,626,0.0019218921661376953
9.95,627,0.1002969741821289
9.95,628,0.10313892364501953
9.95,629,0.03258109092712402
9.95,630,0.03458905220031738
9.95,631,0.051358938217163086
9.95,632,0.07143211364746094
9.95,633,0.06575489044189453
9.95,634,0.02277994155883789
9.95,635,0.02555084228515625
9.95,636,0.12842106819152832
9.95,637,0.02732086181640625
9.95,638,0.10321307182312012
9.95,639,0.09731101989746094
9.95,640,0.08121490478515625
9.95,641,0.020940065383911133
9.95,642,0.11928510665893555
9.95,643,0.17313313484191895
9.95,644,0.04651188850402832
9.95,645,0.07936906814575195
9.95,646,0.034970998764038086
9.95,647,0.08313393592834473
9.95,648,0.13436079025268555
9.95,649,0.01745915412902832
9.95,650,0.15662407875061035
9.95,651,0.1256251335144043
9.95,652,0.14507389068603516
9.95,653,0.04355287551879883
9.95,654,0.056327104568481445
9.95,655,0.18511080741882324
9.95,656,0.01643085479736328
9.95,657,0.040307044982910156
9.95,658,0.09828901290893555
9.95,659,0.15865707397460938
9.95,660,0.06959104537963867
9.95,661,0.01563405990600586
9.95,662,0.11088180541992188
9.95,663,0.0066530704498291016
9.95,664,0.07874608039855957
9.95,665,0.11759400367736816
9.95,666,0.1743168830871582
9.95,667,0.15147805213928223
9.95,668,0.023422956466674805
9.95,669,0.011820077896118164
9.95,670,0.0017380714416503906
9.95,671,0.07952094078063965
9.95,672,0.10493612289428711
9.95,673,0.07460284233093262
9.95,674,0.0550539493560791
9.95,675,0.018365859985351562
9.95,676,0.07881402969360352
9.95,677,0.06339788436889648
9.95,678,0.09118103981018066
9.95,679,0.007485151290893555
9.95,680,0.06143808364868164
9.95,681,0.11754989624023438
9.95,682,0.0797281265258789
9.95,683,0.13029980659484863
9.95,684,0.08574104309082031
9.95,685,0.0631558895111084
9.95,686,0.018280982971191406
9.95,687,0.08908486366271973
9.95,688,0.029426097869873047
9.95,689,0.02101302146911621
9.95,690,0.030273914337158203
9.95,691,0.09771180152893066
9.95,692,0.12476801872253418
9.95,693,0.038417816162109375
9.95,694,0.03839302062988281
9.95,695,0.013483047485351562
9.95,696,0.03692793846130371
9.95,697,0.19499611854553223
9.95,698,0.10218000411987305
9.95,699,0.0016660690307617188
9.95,700,0.11921906471252441
9.95,701,0.09036707878112793
9.95,702,0.034520864486694336
9.95,703,0.14885997772216797
9.95,704,0.028123140335083008
9.95,705,0.029755115509033203
9.95,706,0.06709885597229004
9.95,707,0.23419404029846191
9.95,708,0.019552946090698242
9.95,709,0.04166007041931152
9.95,710,0.1550440788269043
9.95,711,0.022041797637939453
9.95,712,0.10915112495422363
9.95,713,0.03707003593444824
9.95,714,0.039431095123291016
9.95,715,0.029698848724365234
9.95,716,0.027513980865478516
9.95,717,0.1509559154510498
9.95,718,0.00932002067565918
9.95,719,0.11809277534484863
9.95,720,0.07249093055725098
9.95,721,0.026002168655395508
9.95,722,0.010234832763671875
9.95,723,0.03200387954711914
9.95,724,0.019109010696411133
9.95,725,0.06508803367614746
9.95,726,0.05736398696899414
9.95,727,0.00641179084777832
9.95,728,0.16945695877075195
9.95,729,0.24556994438171387
9.95,730,0.0977938175201416
9.95,731,0.08838391304016113
9.95,732,0.10898590087890625
9.95,733,0.036277055740356445
9.95,734,0.09380221366882324
9.95,735,0.015471935272216797
9.95,736,0.06634092330932617
9.95,737,0.0930471420288086
9.95,738,0.05830097198486328
9.95,739,0.023231029510498047
9.95,740,0.08835792541503906
9.95,741,0.07270503044128418
9.95,742,0.03207087516784668
9.95,743,0.05171012878417969
9.95,744,0.068511962890625
9.95,745,0.053915977478027344
9.95,746,0.011398077011108398
9.95,747,0.052575111389160156
9.95,748,0.007750988006591797
9.95,749,0.03815507888793945
9.95,750,0.13239383697509766
9.95,751,0.143143892288208
9.95,752,0.16000080108642578
9.95,753,0.18421602249145508
9.95,754,0.16382598876953125
9.95,755,0.06569695472717285
9.95,756,0.13949990272521973
9.95,757,0.042500972747802734
9.95,758,0.050991058349609375
9.95,759,0.03635215759277344
9.95,760,0.1439499855041504
9.95,761,0.24252104759216309
9.95,762,0.004117012023925781
9.95,763,0.07054901123046875
9.95,764,0.21450304985046387
9.95,765,0.11743783950805664
9.95,766,0.0466160774230957
9.95,767,0.30127406120300293
9.95,768,0.03972601890563965
9.95,769,0.052626848220825195
9.95,770,0.042607784271240234
9.95,771,0.03254389762878418
9.95,772,0.05216503143310547
9.95,773,0.06572484970092773
9.95,774,0.14153814315795898
9.95,775,0.10413599014282227
9.95,776,0.10610103607177734
9.95,777,0.11320185661315918
9.95,778,0.1584761142730713
9.95,779,0.05852508544921875
9.95,780,0.006228923797607422
9.95,781,0.11460304260253906
9.95,782,0.01764702796936035
9.95,783,0.015118122100830078
9.95,784,0.02216815948486328
9.95,785,0.1717360019683838
9.95,786,0.15674710273742676
9.95,787,0.03349113464355469
9.95,788,0.0038950443267822266
9.95,789,0.12665891647338867
9.95,790,0.10146784782409668
9.95,791,0.07066679000854492
9.95,792,0.12795591354370117
9.95,793,0.014230012893676758
9.95,794,0.24697399139404297
9.95,795,0.013641834259033203
9.95,796,0.23641705513000488
9.95,797,0.04117012023925781
9.95,798,0.18914318084716797
9.95,799,0.05156111717224121
9.95,800,0.014582157135009766
9.95,801,0.04816699028015137
9.95,802,0.06683087348937988
9.95,803,0.03302907943725586
9.95,804,0.0509340763092041
9.95,805,0.24746394157409668
9.95,806,0.07893013954162598
9.95,807,0.05186295509338379
9.95,808,0.11667418479919434
9.95,809,0.05204200744628906
9.95,810,0.05147886276245117
9.95,811,0.04480385780334473
9.95,812,0.019374847412109375
9.95,813,0.006674051284790039
9.95,814,0.1412041187286377
9.95,815,0.09651017189025879
9.95,816,0.04975700378417969
9.95,817,0.08793807029724121
9.95,818,0.06998395919799805
9.95,819,0.024476051330566406
9.95,820,0.012154102325439453
9.95,821,0.08466291427612305
9.95,822,0.06753015518188477
9.95,823,0.20083403587341309
9.95,824,0.017540931701660156
9.95,825,0.01119685173034668
9.95,826,0.12943410873413086
9.95,827,0.14156818389892578
9.95,828,0.010741949081420898
9.95,829,0.03228402137756348
9.95,830,0.029795169830322266
9.95,831,0.0757911205291748
9.95,832,0.09401893615722656
9.95,833,0.0585939884185791
9.95,834,0.021179914474487305
9.95,835,0.05352592468261719
9.95,836,0.017796993255615234
9.95,837,0.25820088386535645
9.95,838,0.07121682167053223
9.95,839,0.15652203559875488
9.95,840,0.1745920181274414
9.95,841,0.12161087989807129
9.95,842,0.0487370491027832
9.95,843,0.025806903839111328
9.95,844,0.007214069366455078
9.95,845,0.17465686798095703
9.95,846,0.009675025939941406
9.95,847,0.15977215766906738
9.95,848,0.14491915702819824
9.95,849,0.09923911094665527
9.95,850,0.03774881362915039
9.95,851,0.04040193557739258
9.95,852,0.14323711395263672
9.95,853,0.04395580291748047
9.95,854,0.19585585594177246
9.95,855,0.01556086540222168
9.95,856,0.030007123947143555
9.95,857,0.0022020339965820312
9.95,858,0.034265995025634766
9.95,859,0.029891014099121094
9.95,860,0.027274131774902344
9.95,861,0.041043996810913086
9.95,862,0.012482881546020508
9.95,863,0.048813819885253906
9.95,864,0.06448602676391602
9.95,865,0.029263019561767578
9.95,866,0.030650854110717773
9.95,867,0.0022089481353759766
9.95,868,0.09868693351745605
9.95,869,0.0054891109466552734
9.95,870,0.0013151168823242188
9.95,871,0.05105400085449219
9.95,872,0.019016027450561523
9.95,873,0.044847965240478516
9.95,874,0.07247614860534668
9.95,875,0.03677701950073242
9.95,876,0.09882807731628418
9.95,877,0.03268003463745117
9.95,878,0.09540009498596191
9.95,879,0.045339107513427734
9.95,880,0.073577880859375
9.95,881,0.14371895790100098
9.95,882,0.0016019344329833984
9.95,883,0.05559897422790527
9.95,884,0.03452587127685547
9.95,885,0.10575103759765625
9.95,886,0.0017511844635009766
9.95,887,0.0926969051361084
9.95,888,0.008026123046875
9.95,889,0.02039504051208496
9.95,890,0.05991792678833008
9.95,891,0.19502592086791992
9.95,892,0.15461993217468262
9.95,893,0.04020380973815918
9.95,894,0.030581951141357422
9.95,895,0.13667988777160645
9.95,896,0.06461906433105469
9.95,897,0.1422269344329834
9.95,898,0.19298887252807617
9.95,899,0.03155207633972168
9.95,900,0.03651094436645508
9.95,901,0.10252094268798828
9.95,902,0.05158400535583496
9.95,903,0.10283493995666504
9.95,904,0.005733013153076172
9.95,905,0.015869140625
9.95,906,0.17383599281311035
9.95,907,0.11574602127075195
9.95,908,0.04220294952392578
9.95,909,0.09381103515625
9.95,910,0.18647408485412598
9.95,911,0.07476115226745605
9.95,912,0.0592801570892334
9.95,913,0.14795303344726562
9.95,914,0.17209696769714355
9.95,915,0.04397392272949219
9.95,916,0.05385303497314453
9.95,917,0.10836505889892578
9.95,918,0.14906811714172363
9.95,919,0.03687000274658203
9.95,920,0.0393369197845459
9.95,921,0.02063298225402832
9.95,922,0.014677047729492188
9.95,923,0.11434388160705566
9.95,924,0.014081001281738281
9.95,925,0.0414271354675293
9.95,926,0.09235906600952148
9.95,927,0.05445504188537598
9.95,928,0.10183405876159668
9.95,929,0.06551313400268555
9.95,930,0.027164936065673828
9.95,931,0.14868688583374023
9.95,932,0.10701107978820801
9.95,933,0.21422791481018066
9.95,934,0.13005590438842773
9.95,935,0.2006828784942627
9.95,936,0.16494202613830566
9.95,937,0.13944101333618164
9.95,938,0.11368393898010254
9.95,939,0.05671405792236328
9.95,940,0.021856069564819336
9.95,941,0.01666998863220215
9.95,942,0.18373394012451172
9.95,943,0.0573880672454834
9.95,944,0.0019922256469726562
9.95,945,0.06982707977294922
9.95,946,0.08099484443664551
9.95,947,0.08033990859985352
9.95,948,0.0811309814453125
9.95,949,0.07904791831970215
9.95,950,0.037165164947509766
9.95,951,0.13576006889343262
9.95,952,0.14354181289672852
9.95,953,0.12558817863464355
9.95,954,0.08338809013366699
9.95,955,0.17235088348388672
9.95,956,0.10213208198547363
9.95,957,0.11093282699584961
9.95,958,0.0090179443359375
9.95,959,0.02855205535888672
9.95,960,0.22268009185791016
9.95,961,0.038023948669433594
9.95,962,0.06469488143920898
9.95,963,0.022947072982788086
9.95,964,0.017235994338989258
9.95,965,0.07389497756958008
9.95,966,0.013671159744262695
9.95,967,0.016587018966674805
9.95,968,0.06352996826171875
9.95,969,0.053904056549072266
9.95,970,0.031206130981445312
9.95,971,0.05533123016357422
9.95,972,0.002044200897216797
9.95,973,0.06683802604675293
9.95,974,0.02936100959777832
9.95,975,0.043814897537231445
9.95,976,0.021600008010864258
9.95,977,0.11439085006713867
9.95,978,0.003983020782470703
9.95,979,0.17359209060668945
9.95,980,0.014110088348388672
9.95,981,0.016761064529418945
9.95,982,0.12122201919555664
9.95,983,0.054162025451660156
9.95,984,0.014356851577758789
9.95,985,0.06748008728027344
9.95,986,0.029639005661010742
9.95,987,0.05957603454589844
9.95,988,0.022017955780029297
9.95,989,0.13609790802001953
9.95,990,0.036972999572753906
9.95,991,0.016317129135131836
9.95,992,0.19333219528198242
9.95,993,0.08841085433959961
9.95,994,0.19689393043518066
9.95,995,0.10093092918395996
9.95,996,0.17397403717041016
9.95,997,0.13977694511413574
9.95,998,0.07089996337890625
9.95,999,0.058547019958496094
9.95,1000,0.1853809356689453
